"","BTC","LEND"
"1","10321.42000000","0.70059000"
